{
  "openapi" : "3.0.0",
  "info" : {
    "title" : "Triple Play Pay API",
    "description" : "Payment API",
    "contact" : {
      "email" : "support@tripleplaypay.com"
    },
    "license" : {
      "name" : "Apache 2.0",
      "url" : "http://www.apache.org/licenses/LICENSE-2.0.html"
    },
    "version" : "1.0.0"
  },
  "servers" : [ {
    "url" : "https://www.tripleplaypay.com/api",
    "description" : "Triple Play Pay"
  } ],
  "tags" : [ {
    "name" : "api",
    "description" : "Secured API KEY only calls"
  }, {
    "name" : "sandbox",
    "description" : "Operations available to regular developers"
  } ],
  "paths" : {
    "/charge" : {
      "post" : {
        "tags" : [ "api" ],
        "summary" : "Process payment or settle a previous charge. *card **bank ***terminal",
        "description" : "Process payment or settle a previous charge. *card **bank ***terminal",
        "operationId" : "charge",
        "parameters" : [ {
          "name" : "amount",
          "in" : "query",
          "description" : "The total transaction amount. This is the amount of funds to move on the card",
          "required" : true,
          "style" : "form",
          "explode" : true,
          "schema" : {
            "type" : "string"
          }
        }, {
          "name" : "terminal",
          "in" : "query",
          "description" : "Initiate a Credit Card Terminal transaction by its laneId or terminalId",
          "required" : true,
          "style" : "form",
          "explode" : true,
          "schema" : {
            "type" : "number"
          }
        }, {
          "name" : "id",
          "in" : "query",
          "description" : "Transaction ID used to settle an authorized payment method (cc or bank info then not required)",
          "required" : false,
          "style" : "form",
          "explode" : true,
          "schema" : {
            "type" : "string"
          }
        }, {
          "name" : "cc",
          "in" : "query",
          "description" : "Credit Card Number with or without dashes",
          "required" : true,
          "style" : "form",
          "explode" : true,
          "schema" : {
            "type" : "string"
          }
        }, {
          "name" : "mm",
          "in" : "query",
          "description" : "2 digit month",
          "required" : true,
          "style" : "form",
          "explode" : true,
          "schema" : {
            "type" : "string"
          }
        }, {
          "name" : "yy",
          "in" : "query",
          "description" : "2 digit year",
          "required" : true,
          "style" : "form",
          "explode" : true,
          "schema" : {
            "type" : "string"
          }
        }, {
          "name" : "cvv",
          "in" : "query",
          "description" : "Card Verification Value found on the card (CVV2, CVC2, CID)",
          "required" : true,
          "style" : "form",
          "explode" : true,
          "schema" : {
            "type" : "string"
          }
        }, {
          "name" : "zip / zipcode",
          "in" : "query",
          "description" : "Postal code",
          "required" : false,
          "style" : "form",
          "explode" : true,
          "schema" : {
            "type" : "string"
          }
        }, {
          "name" : "accountNumber",
          "in" : "query",
          "description" : "Bank Account Number",
          "required" : true,
          "style" : "form",
          "explode" : true,
          "schema" : {
            "type" : "string"
          }
        }, {
          "name" : "routingNumber",
          "in" : "query",
          "description" : "Bank Routing Number",
          "required" : true,
          "style" : "form",
          "explode" : true,
          "schema" : {
            "type" : "string"
          }
        }, {
          "name" : "type",
          "in" : "query",
          "description" : "Options: checking, savings <code>default</code>: checking",
          "required" : true,
          "style" : "form",
          "explode" : true,
          "schema" : {
            "type" : "string"
          }
        }, {
          "name" : "ticket",
          "in" : "query",
          "description" : "Ticket Number used by POS",
          "required" : false,
          "style" : "form",
          "explode" : true,
          "schema" : {
            "type" : "string"
          }
        }, {
          "name" : "items",
          "in" : "query",
          "description" : "List of items for receipt and level3 data. <code><br>[[id, price, description, tax, options],]<br>[{\"id\": \"\", \"price\": \"\", \"description\": \"\", \"tax\": \"\", \"options\": \"\"},]</code> ",
          "required" : false,
          "style" : "form",
          "explode" : true,
          "schema" : {
            "type" : "array",
            "example" : [ {
              "id" : 10002302,
              "price" : 12.99,
              "description" : "Burger",
              "options" : "Fries, Coleslaw"
            }, {
              "id" : 20034343,
              "price" : 7.99,
              "description" : "Red Wine"
            } ],
            "items" : {
              "$ref" : "#/components/schemas/items"
            }
          }
        }, {
          "name" : "meta",
          "in" : "query",
          "description" : "Optional user defined object to be returned with future response",
          "required" : false,
          "style" : "form",
          "explode" : true,
          "schema" : {
            "type" : "object"
          }
        } ],
        "responses" : {
          "200" : {
            "description" : "successful operation",
            "content" : {
              "application/json" : {
                "schema" : {
                  "type" : "array",
                  "items" : {
                    "$ref" : "#/components/schemas/response"
                  }
                }
              }
            }
          },
          "400" : {
            "description" : "error in parameters"
          },
          "500" : {
            "description" : "error in api call"
          }
        }
      }
    },
    "/authorize" : {
      "post" : {
        "tags" : [ "api" ],
        "summary" : "Used to verify funds when the total amount of the purchase is unknown.",
        "description" : "Used to verify funds when the total amount of the purchase is unknown.",
        "operationId" : "authorize",
        "parameters" : [ {
          "name" : "amount",
          "in" : "query",
          "description" : "The total transaction amount. This is the amount of funds to move on the card",
          "required" : true,
          "style" : "form",
          "explode" : true,
          "schema" : {
            "type" : "string"
          }
        }, {
          "name" : "cc",
          "in" : "query",
          "description" : "Credit Card Number with or without dashes",
          "required" : true,
          "style" : "form",
          "explode" : true,
          "schema" : {
            "type" : "string"
          }
        }, {
          "name" : "mm",
          "in" : "query",
          "description" : "2 digit Month",
          "required" : true,
          "style" : "form",
          "explode" : true,
          "schema" : {
            "type" : "string"
          }
        }, {
          "name" : "yy",
          "in" : "query",
          "description" : "2 digit Year",
          "required" : true,
          "style" : "form",
          "explode" : true,
          "schema" : {
            "type" : "string"
          }
        }, {
          "name" : "cvv",
          "in" : "query",
          "description" : "Card Verification Value found on the card (CVV2, CVC2, CID)",
          "required" : true,
          "style" : "form",
          "explode" : true,
          "schema" : {
            "type" : "string"
          }
        }, {
          "name" : "zip / zipcode",
          "in" : "query",
          "description" : "Postal code",
          "required" : false,
          "style" : "form",
          "explode" : true,
          "schema" : {
            "type" : "string"
          }
        }, {
          "name" : "ticket",
          "in" : "query",
          "description" : "Ticket Number used by POS",
          "required" : false,
          "style" : "form",
          "explode" : true,
          "schema" : {
            "type" : "string"
          }
        }, {
          "name" : "meta",
          "in" : "query",
          "description" : "Optional user defined object to be returned with future response",
          "required" : false,
          "style" : "form",
          "explode" : true,
          "schema" : {
            "type" : "object"
          }
        } ],
        "responses" : {
          "200" : {
            "description" : "successful operation",
            "content" : {
              "application/json" : {
                "schema" : {
                  "type" : "array",
                  "items" : {
                    "$ref" : "#/components/schemas/response"
                  }
                }
              }
            }
          },
          "400" : {
            "description" : "error in parameters"
          },
          "500" : {
            "description" : "error in api call"
          }
        }
      }
    },
    "/settle" : {
      "post" : {
        "tags" : [ "api" ],
        "summary" : "Same as sending a transactionId to charge, this method will settle an outstanding Authorization.",
        "description" : "Same as sending a transactionId to charge, this method will settle an outstanding Authorization.",
        "operationId" : "settle",
        "parameters" : [ {
          "name" : "id",
          "in" : "query",
          "description" : "Transaction ID of charged event",
          "required" : true,
          "style" : "form",
          "explode" : true,
          "schema" : {
            "type" : "string"
          }
        }, {
          "name" : "ticket",
          "in" : "query",
          "description" : "Ticket Number used by POS",
          "required" : false,
          "style" : "form",
          "explode" : true,
          "schema" : {
            "type" : "string"
          }
        }, {
          "name" : "meta",
          "in" : "query",
          "description" : "Optional user defined object to be returned with future response",
          "required" : false,
          "style" : "form",
          "explode" : true,
          "schema" : {
            "type" : "object"
          }
        } ],
        "responses" : {
          "200" : {
            "description" : "successful operation",
            "content" : {
              "application/json" : {
                "schema" : {
                  "type" : "array",
                  "items" : {
                    "$ref" : "#/components/schemas/response"
                  }
                }
              }
            }
          },
          "400" : {
            "description" : "error in parameters"
          },
          "500" : {
            "description" : "error in api call"
          }
        }
      }
    },
    "/refund" : {
      "post" : {
        "tags" : [ "api" ],
        "summary" : "Credit/Refund transaction used to credit a cardholder for a previous transaction.",
        "description" : "Credit/Refund transaction used to credit a cardholder for a previous transaction.",
        "operationId" : "refund",
        "parameters" : [ {
          "name" : "amount",
          "in" : "query",
          "description" : "The total transaction amount. This is the amount of funds to move on the card",
          "required" : true,
          "style" : "form",
          "explode" : true,
          "schema" : {
            "type" : "string"
          }
        }, {
          "name" : "cc",
          "in" : "query",
          "description" : "Credit Card Number with or without dashes",
          "required" : true,
          "style" : "form",
          "explode" : true,
          "schema" : {
            "type" : "string"
          }
        }, {
          "name" : "mm",
          "in" : "query",
          "description" : "2 digit month",
          "required" : true,
          "style" : "form",
          "explode" : true,
          "schema" : {
            "type" : "string"
          }
        }, {
          "name" : "yy",
          "in" : "query",
          "description" : "2 digit year",
          "required" : true,
          "style" : "form",
          "explode" : true,
          "schema" : {
            "type" : "string"
          }
        }, {
          "name" : "cvv",
          "in" : "query",
          "description" : "Card Verification Value found on the card (CVV2, CVC2, CID)",
          "required" : true,
          "style" : "form",
          "explode" : true,
          "schema" : {
            "type" : "string"
          }
        }, {
          "name" : "zip / zipcode",
          "in" : "query",
          "description" : "Postal code",
          "required" : false,
          "style" : "form",
          "explode" : true,
          "schema" : {
            "type" : "string"
          }
        }, {
          "name" : "ticket",
          "in" : "query",
          "description" : "Ticket Number used by POS",
          "required" : false,
          "style" : "form",
          "explode" : true,
          "schema" : {
            "type" : "string"
          }
        }, {
          "name" : "meta",
          "in" : "query",
          "description" : "Optional user defined object to be returned with future response",
          "required" : false,
          "style" : "form",
          "explode" : true,
          "schema" : {
            "type" : "object"
          }
        } ],
        "responses" : {
          "200" : {
            "description" : "successful operation",
            "content" : {
              "application/json" : {
                "schema" : {
                  "type" : "array",
                  "items" : {
                    "$ref" : "#/components/schemas/response"
                  }
                }
              }
            }
          },
          "400" : {
            "description" : "error in parameters"
          },
          "500" : {
            "description" : "error in api call"
          }
        }
      }
    },
    "/void" : {
      "post" : {
        "tags" : [ "api" ],
        "summary" : "A Void transaction can be used to back out a previous Sale transaction.",
        "description" : "A Void transaction can be used to back out a previous Sale transaction.",
        "operationId" : "void",
        "parameters" : [ {
          "name" : "id",
          "in" : "query",
          "description" : "Transaction ID of charged event",
          "required" : true,
          "style" : "form",
          "explode" : true,
          "schema" : {
            "type" : "string"
          }
        }, {
          "name" : "ticket",
          "in" : "query",
          "description" : "Ticket Number used by POS",
          "required" : false,
          "style" : "form",
          "explode" : true,
          "schema" : {
            "type" : "string"
          }
        }, {
          "name" : "meta",
          "in" : "query",
          "description" : "Optional user defined object to be returned with future response",
          "required" : false,
          "style" : "form",
          "explode" : true,
          "schema" : {
            "type" : "object"
          }
        } ],
        "responses" : {
          "200" : {
            "description" : "successful operation",
            "content" : {
              "application/json" : {
                "schema" : {
                  "type" : "array",
                  "items" : {
                    "$ref" : "#/components/schemas/response"
                  }
                }
              }
            }
          },
          "400" : {
            "description" : "error in parameters"
          },
          "500" : {
            "description" : "error in api call"
          }
        }
      }
    },
    "/tokenize" : {
      "post" : {
        "tags" : [ "api" ],
        "summary" : "Create a token for later use.",
        "description" : "Create a token for later use.",
        "operationId" : "tokenize",
        "parameters" : [ {
          "name" : "cc",
          "in" : "query",
          "description" : "Credit Card Number with or without dashes",
          "required" : true,
          "style" : "form",
          "explode" : true,
          "schema" : {
            "type" : "string"
          }
        }, {
          "name" : "mm",
          "in" : "query",
          "description" : "2 digit Month",
          "required" : true,
          "style" : "form",
          "explode" : true,
          "schema" : {
            "type" : "string"
          }
        }, {
          "name" : "yy",
          "in" : "query",
          "description" : "2 digit Year",
          "required" : true,
          "style" : "form",
          "explode" : true,
          "schema" : {
            "type" : "string"
          }
        }, {
          "name" : "cvv",
          "in" : "query",
          "description" : "Card Verification Value found on the card (CVV2, CVC2, CID)",
          "required" : true,
          "style" : "form",
          "explode" : true,
          "schema" : {
            "type" : "string"
          }
        }, {
          "name" : "accountNumber",
          "in" : "query",
          "description" : "Bank Account Number",
          "required" : true,
          "style" : "form",
          "explode" : true,
          "schema" : {
            "type" : "string"
          }
        }, {
          "name" : "routingNumber",
          "in" : "query",
          "description" : "Bank Routing Number",
          "required" : true,
          "style" : "form",
          "explode" : true,
          "schema" : {
            "type" : "string"
          }
        } ],
        "responses" : {
          "200" : {
            "description" : "successful operation",
            "content" : {
              "application/json" : {
                "schema" : {
                  "type" : "array",
                  "items" : {
                    "$ref" : "#/components/schemas/response"
                  }
                }
              }
            }
          },
          "400" : {
            "description" : "error in parameters"
          },
          "500" : {
            "description" : "error in api call"
          }
        }
      }
    },
    "/terminal" : {
      "post" : {
        "tags" : [ "api" ],
        "summary" : "Configure new Credit Card Terminal or get status of existing.",
        "description" : "Configure new Credit Card Terminal or get status of existing.",
        "operationId" : "terminal",
        "parameters" : [ {
          "name" : "activationCode",
          "in" : "query",
          "description" : "Activation Code on Terminal Screen",
          "required" : false,
          "style" : "form",
          "explode" : true,
          "schema" : {
            "type" : "string"
          }
        }, {
          "name" : "terminalId",
          "in" : "query",
          "description" : "Name of Terminal",
          "required" : true,
          "style" : "form",
          "explode" : true,
          "schema" : {
            "type" : "string"
          }
        }, {
          "name" : "meta",
          "in" : "query",
          "description" : "Optional user defined object to be returned with future response",
          "required" : false,
          "style" : "form",
          "explode" : true,
          "schema" : {
            "type" : "object"
          }
        } ],
        "responses" : {
          "200" : {
            "description" : "successful operation",
            "content" : {
              "application/json" : {
                "schema" : {
                  "type" : "array",
                  "items" : {
                    "$ref" : "#/components/schemas/response"
                  }
                }
              }
            }
          },
          "400" : {
            "description" : "error in parameters"
          },
          "500" : {
            "description" : "error in api call"
          }
        }
      }
    },
    "/report" : {
      "get" : {
        "tags" : [ "api" ],
        "summary" : "Get transaction detail history",
        "description" : "Get transaction detail history",
        "operationId" : "report",
        "parameters" : [ {
          "name" : "start",
          "in" : "query",
          "description" : "Start of date range YYYY-MM-DD <code>*</code>defaults to that month",
          "required" : false,
          "style" : "form",
          "explode" : true,
          "schema" : {
            "type" : "string"
          }
        }, {
          "name" : "end",
          "in" : "query",
          "description" : "End of date range YYYY-MM-DD",
          "required" : false,
          "style" : "form",
          "explode" : true,
          "schema" : {
            "type" : "string"
          }
        }, {
          "name" : "filter",
          "in" : "query",
          "description" : "Filter results on any key value pair. <br>ex: <code>{\"method\":\"charge\"}</code> or nested <code>{\"message\":{\"details\": { \"Batch\": {\"HostItemID\": \"12\"}}}}</code>",
          "required" : false,
          "style" : "form",
          "explode" : true,
          "schema" : {
            "type" : "object"
          }
        }, {
          "name" : "timezone",
          "in" : "query",
          "description" : "Convert to timezone. <code>default</code>: tz set in client preferences",
          "required" : false,
          "style" : "form",
          "explode" : true,
          "schema" : {
            "type" : "string"
          }
        } ],
        "responses" : {
          "200" : {
            "description" : "successful operation",
            "content" : {
              "application/json" : {
                "schema" : {
                  "type" : "array",
                  "items" : {
                    "$ref" : "#/components/schemas/response"
                  }
                }
              }
            }
          },
          "400" : {
            "description" : "error in parameters"
          },
          "500" : {
            "description" : "error in api call"
          }
        }
      }
    },
    "/subscription" : {
      "post" : {
        "tags" : [ "api" ],
        "summary" : "Setup a payment subscription or get details/history. Can also send to /api/charge",
        "description" : "Setup a payment subscription or get details/history. Can also send to /api/charge",
        "operationId" : "subscription",
        "parameters" : [ {
          "name" : "id",
          "in" : "query",
          "description" : "GET specific subscription by id.  AN empty call gets a list of all current subscriptions",
          "required" : false,
          "style" : "form",
          "explode" : true,
          "schema" : {
            "type" : "string"
          }
        }, {
          "name" : "cancelId",
          "in" : "query",
          "description" : "Subscription ID you want to cancel",
          "required" : false,
          "style" : "form",
          "explode" : true,
          "schema" : {
            "type" : "string"
          }
        }, {
          "name" : "amount",
          "in" : "query",
          "description" : "Amount charged per cycle.",
          "required" : true,
          "style" : "form",
          "explode" : true,
          "schema" : {
            "type" : "string"
          }
        }, {
          "name" : "start",
          "in" : "query",
          "description" : "Start of subscription <code>YYYY-MM-DD</code>",
          "required" : true,
          "style" : "form",
          "explode" : true,
          "schema" : {
            "type" : "string"
          }
        }, {
          "name" : "end",
          "in" : "query",
          "description" : "End of subscription. <code>YYYY-MM-DD</code> Empty means forever.",
          "required" : false,
          "style" : "form",
          "explode" : true,
          "schema" : {
            "type" : "string"
          }
        }, {
          "name" : "cycles",
          "in" : "query",
          "description" : "Set number of iterations. <code>end</code> will be calculated for you. ",
          "required" : false,
          "style" : "form",
          "explode" : true,
          "schema" : {
            "type" : "string"
          }
        }, {
          "name" : "interval",
          "in" : "query",
          "description" : "<code>daily, weekly, monthly, yearly</code>",
          "required" : true,
          "style" : "form",
          "explode" : true,
          "schema" : {
            "type" : "string"
          }
        }, {
          "name" : "frequency",
          "in" : "query",
          "description" : "1 means every interval, 2 would mean every other interval <code>*</code> Every other week would be 2",
          "required" : false,
          "style" : "form",
          "explode" : true,
          "schema" : {
            "type" : "number"
          }
        }, {
          "name" : "email",
          "in" : "query",
          "description" : "Subscribers email address",
          "required" : true,
          "style" : "form",
          "explode" : true,
          "schema" : {
            "type" : "string"
          }
        }, {
          "name" : "payment",
          "in" : "query",
          "description" : "Same details as <code>charge</code>. (credit card only method supported currently)",
          "required" : true,
          "style" : "form",
          "explode" : true,
          "schema" : {
            "type" : "object"
          }
        } ],
        "responses" : {
          "200" : {
            "description" : "successful operation",
            "content" : {
              "application/json" : {
                "schema" : {
                  "type" : "array",
                  "items" : {
                    "$ref" : "#/components/schemas/response"
                  }
                }
              }
            }
          },
          "400" : {
            "description" : "error in parameters"
          },
          "500" : {
            "description" : "error in api call"
          }
        }
      }
    },
    "/client" : {
      "post" : {
        "tags" : [ "api" ],
        "summary" : "Get/Set configuration parameters",
        "description" : "Get/Set configuration parameters",
        "operationId" : "client",
        "parameters" : [ {
          "name" : "timezone",
          "in" : "query",
          "description" : "Set your timezone",
          "required" : false,
          "style" : "form",
          "explode" : true,
          "schema" : {
            "type" : "string"
          }
        }, {
          "name" : "email",
          "in" : "query",
          "description" : "Set your notification email",
          "required" : false,
          "style" : "form",
          "explode" : true,
          "schema" : {
            "type" : "string"
          }
        }, {
          "name" : "callback",
          "in" : "query",
          "description" : "Set your callback URL for notification of activity",
          "required" : false,
          "style" : "form",
          "explode" : true,
          "schema" : {
            "type" : "string"
          }
        }, {
          "name" : "tax",
          "in" : "query",
          "description" : "Set your sales tax rate. (This helps simplify receipt generation and level3 detail)",
          "required" : false,
          "style" : "form",
          "explode" : true,
          "schema" : {
            "type" : "string"
          }
        } ],
        "responses" : {
          "200" : {
            "description" : "successful operation",
            "content" : {
              "application/json" : {
                "schema" : {
                  "type" : "array",
                  "items" : {
                    "$ref" : "#/components/schemas/response"
                  }
                }
              }
            }
          },
          "400" : {
            "description" : "error in parameters"
          },
          "500" : {
            "description" : "error in api call"
          }
        }
      }
    },
    "/enroll" : {
      "post" : {
        "tags" : [ "api" ],
        "summary" : "Enroll a new child merchant or retrieve status of pending submission.",
        "description" : "Enroll a new child merchant or retrieve status of pending submission.",
        "operationId" : "enroll",
        "parameters" : [ {
          "name" : "callback",
          "in" : "query",
          "description" : "Optional URL we will forward changes to status to with enrollment payload.",
          "required" : false,
          "style" : "form",
          "explode" : true,
          "schema" : {
            "type" : "string"
          }
        }, {
          "name" : "dba_name",
          "in" : "query",
          "description" : "Doing Business As name. <code>*</code> Only field necessary for GET.",
          "required" : true,
          "style" : "form",
          "explode" : true,
          "schema" : {
            "type" : "string"
          }
        }, {
          "name" : "email",
          "in" : "query",
          "description" : "",
          "required" : true,
          "style" : "form",
          "explode" : true,
          "schema" : {
            "type" : "string"
          }
        }, {
          "name" : "website",
          "in" : "query",
          "description" : "",
          "required" : true,
          "style" : "form",
          "explode" : true,
          "schema" : {
            "type" : "string"
          }
        }, {
          "name" : "fed_tx_id",
          "in" : "query",
          "description" : "",
          "required" : true,
          "style" : "form",
          "explode" : true,
          "schema" : {
            "type" : "string"
          }
        }, {
          "name" : "legal_name",
          "in" : "query",
          "description" : "Legal Business Name",
          "required" : true,
          "style" : "form",
          "explode" : true,
          "schema" : {
            "type" : "string"
          }
        }, {
          "name" : "start_date",
          "in" : "query",
          "description" : "Business Start Date",
          "required" : true,
          "style" : "form",
          "explode" : true,
          "schema" : {
            "type" : "string"
          }
        }, {
          "name" : "account_holder_name",
          "in" : "query",
          "description" : "",
          "required" : true,
          "style" : "form",
          "explode" : true,
          "schema" : {
            "type" : "string"
          }
        }, {
          "name" : "account_type",
          "in" : "query",
          "description" : "",
          "required" : true,
          "style" : "form",
          "explode" : true,
          "schema" : {
            "type" : "string"
          }
        }, {
          "name" : "account_number",
          "in" : "query",
          "description" : "Bank Account to deposit transactions. ",
          "required" : true,
          "style" : "form",
          "explode" : true,
          "schema" : {
            "type" : "string"
          }
        }, {
          "name" : "routing_number",
          "in" : "query",
          "description" : "Bank Routing Number to deposit transactions.",
          "required" : true,
          "style" : "form",
          "explode" : true,
          "schema" : {
            "type" : "string"
          }
        }, {
          "name" : "stock_symbol",
          "in" : "query",
          "description" : "",
          "required" : false,
          "style" : "form",
          "explode" : true,
          "schema" : {
            "type" : "string"
          }
        }, {
          "name" : "ownership_type",
          "in" : "query",
          "description" : "[\"Sole Proprietor\", \"C-Corp Private\", \"C-Corp Public\", \"S-Corp Private\", \"S-Corp Public\", \"LLC Private\", \"LLC Public\", \"Not For Profit\", \"Partnership Private\", \"Partnership\", \"Government Agency\"]",
          "required" : true,
          "style" : "form",
          "explode" : true,
          "schema" : {
            "type" : "string"
          }
        }, {
          "name" : "business_description",
          "in" : "query",
          "description" : "",
          "required" : true,
          "style" : "form",
          "explode" : true,
          "schema" : {
            "type" : "string"
          }
        }, {
          "name" : "business_phone_number",
          "in" : "query",
          "description" : "",
          "required" : true,
          "style" : "form",
          "explode" : true,
          "schema" : {
            "type" : "string"
          }
        }, {
          "name" : "business_address_1",
          "in" : "query",
          "description" : "",
          "required" : true,
          "style" : "form",
          "explode" : true,
          "schema" : {
            "type" : "string"
          }
        }, {
          "name" : "business_address_2",
          "in" : "query",
          "description" : "",
          "required" : true,
          "style" : "form",
          "explode" : true,
          "schema" : {
            "type" : "string"
          }
        }, {
          "name" : "business_city",
          "in" : "query",
          "description" : "",
          "required" : true,
          "style" : "form",
          "explode" : true,
          "schema" : {
            "type" : "string"
          }
        }, {
          "name" : "business_state_province",
          "in" : "query",
          "description" : "",
          "required" : true,
          "style" : "form",
          "explode" : true,
          "schema" : {
            "type" : "string"
          }
        }, {
          "name" : "business_postal_code",
          "in" : "query",
          "description" : "",
          "required" : true,
          "style" : "form",
          "explode" : true,
          "schema" : {
            "type" : "string"
          }
        }, {
          "name" : "principle_first_name",
          "in" : "query",
          "description" : "Primary Owners First Name. Adding a number to the parameter allows for adding multiple principle owners. Example: <strong>2principle_first_name</strong>",
          "required" : true,
          "style" : "form",
          "explode" : true,
          "schema" : {
            "type" : "string"
          }
        }, {
          "name" : "principle_last_name",
          "in" : "query",
          "description" : "Primary Owners Last Name.",
          "required" : true,
          "style" : "form",
          "explode" : true,
          "schema" : {
            "type" : "string"
          }
        }, {
          "name" : "principle_ssn",
          "in" : "query",
          "description" : "Primary Owners Social Security Number",
          "required" : true,
          "style" : "form",
          "explode" : true,
          "schema" : {
            "type" : "string"
          }
        }, {
          "name" : "principle_date_of_birth",
          "in" : "query",
          "description" : "",
          "required" : true,
          "style" : "form",
          "explode" : true,
          "schema" : {
            "type" : "string"
          }
        }, {
          "name" : "principle_address_line_1",
          "in" : "query",
          "description" : "",
          "required" : true,
          "style" : "form",
          "explode" : true,
          "schema" : {
            "type" : "string"
          }
        }, {
          "name" : "principle_address_line_2",
          "in" : "query",
          "description" : "",
          "required" : true,
          "style" : "form",
          "explode" : true,
          "schema" : {
            "type" : "string"
          }
        }, {
          "name" : "principle_city",
          "in" : "query",
          "description" : "",
          "required" : true,
          "style" : "form",
          "explode" : true,
          "schema" : {
            "type" : "string"
          }
        }, {
          "name" : "principle_state_province",
          "in" : "query",
          "description" : "",
          "required" : true,
          "style" : "form",
          "explode" : true,
          "schema" : {
            "type" : "string"
          }
        }, {
          "name" : "principle_postal_code",
          "in" : "query",
          "description" : "",
          "required" : true,
          "style" : "form",
          "explode" : true,
          "schema" : {
            "type" : "string"
          }
        }, {
          "name" : "principle_title",
          "in" : "query",
          "description" : "",
          "required" : true,
          "style" : "form",
          "explode" : true,
          "schema" : {
            "type" : "string"
          }
        }, {
          "name" : "principle_ownership_percentage",
          "in" : "query",
          "description" : "",
          "required" : true,
          "style" : "form",
          "explode" : true,
          "schema" : {
            "type" : "string"
          }
        }, {
          "name" : "principle_phone_number",
          "in" : "query",
          "description" : "",
          "required" : true,
          "style" : "form",
          "explode" : true,
          "schema" : {
            "type" : "string"
          }
        } ],
        "responses" : {
          "200" : {
            "description" : "successful operation",
            "content" : {
              "application/json" : {
                "schema" : {
                  "type" : "array",
                  "items" : {
                    "$ref" : "#/components/schemas/response"
                  }
                }
              }
            }
          },
          "400" : {
            "description" : "error in parameters"
          },
          "500" : {
            "description" : "error in api call"
          }
        }
      }
    }
  },
  "components" : {
    "schemas" : {
      "response" : {
        "required" : [ "name", "photoUrls" ],
        "type" : "object",
        "properties" : {
          "status" : {
            "type" : "boolean"
          },
          "id" : {
            "type" : "string",
            "example" : "66a0d1c2-7ad8-41e0-ba8a-0ecf8df0ea15"
          },
          "message" : {
            "type" : "object",
            "example" : {
              "ResponseMessage" : "Result of call"
            }
          },
          "meta" : {
            "type" : "object",
            "example" : {
              "Your Key" : "Your Value"
            }
          },
          "method" : {
            "type" : "string",
            "example" : "apicall"
          }
        }
      },
      "items" : {
        "type" : "array",
        "example" : [ {
          "id" : 10002302,
          "price" : 12.99,
          "description" : "Burger",
          "options" : "Fries, Coleslaw"
        }, {
          "id" : 20034343,
          "price" : 7.99,
          "description" : "Red Wine"
        } ],
        "items" : {
          "$ref" : "#/components/schemas/items"
        }
      }
    },
    "requestBodies" : {
      "response" : {
        "description" : "Standard response",
        "content" : {
          "application/json" : {
            "schema" : {
              "$ref" : "#/components/schemas/response"
            }
          },
          "application/xml" : {
            "schema" : {
              "$ref" : "#/components/schemas/response"
            }
          }
        },
        "required" : true
      }
    }
  }
}